epoch,loss,iou,dice,val_loss,val_iou,val_dice
0,0.6548808717727661,0.1535745494165543,0.3614727696885123,0.6175414403279622,0.1486296665880225,0.40434755640158243
