epoch,loss,iou,dice,val_loss,val_iou,val_dice
0,0.6789019724527995,0.20233240115804238,0.3347118361317736,0.6433894618352254,0.23353187022914643,0.37707555683412847
1,0.6385626082420349,0.23608253533610155,0.38045259702241224,0.6117930507659912,0.2601102160839647,0.4110470168473398
2,0.6082159182230632,0.2635031630650896,0.4152381202745104,0.5861820602416992,0.27799390099333915,0.43328123992146694
3,0.5781245355606079,0.29253169688102915,0.4508307026110737,0.5576183621088664,0.3033194548661376,0.46268307716333235
4,0.5498901724815368,0.32392158803094256,0.48701197006715197,0.5200024739901224,0.35775824908821474,0.5244446592109755
5,0.5200822890599569,0.3595540119933491,0.5266741432852468,0.4912236436208089,0.3993154436448149,0.5684912221580152
